S/N,Clinic Name,Address
1,0160 TCM PHYSICIAN MEDICAL HALL,"119 Aljunied Ave 2, Singapore 380119"
2,11 INTEGRATED HEALTHCARE,"545 Orchard Rd, #11-09, Singapore 238882"
3,1DOC TCM,"11 Bedok North Street 1, #01-11 Heartbeat@Bedok, Singapore 469662"
4,21ST CENTURY TRAD CHINESE MEDICAL HALL,Singapore
5,3N+ PTE LTD,"28 Sin Ming Ln, Singapore 573972"
6,603 CHINESE MEDICAL HALL TRADING & ENTERPRISES,"603 Clementi West Street 1, Block 603, Singapore 120603"
7,ACCORD MEDICAL CLINIC,"325 Ubi Ave 1, Singapore 400325"
8,ACTURE BIOTECH PTE LTD,"9008 Tampines Street 93, Singapore 528843"
9,ACU POINT PTE. LTD.,"101 Irrawaddy Rd, #21-01/02 Royal Square at, Singapore 329565"
10,ACUHEALTH TCM MEDICAL CENTRE,"472 Tampines Street 44, #01-57, Singapore 520472"
11,PERFECT ACUPUNCTURE AND TUI NA THERAPY,"101, Upper Cross Street, #03-42 People's Park Centre"
12,ADMIRALTY MEDICAL CENTRE (TCM),"676 Woodlands Drive 71, #03-01 Kampung Admiralty, Singapore 730676"
13,ADVANCED TCM CLINIC,"371 Beach Rd, #B1-46, Singapore 199597"
14,AEQUILIBRIUM TCM,"9 King Albert Park, #02-13, Singapore 598332"
15,AG TCM,"220 Orchard Rd, #04-01, Singapore 238852"
16,AIK KONG TONG,"1 Rochor Canal Rd, #03-20A Sim Lim Square, Singapore 188504"
17,AIMIN ACUPUNCTURE & WEIGHT LOSS CENTRE PTE LTD,"51 Cuppage Road #01-05 
Singapore 229469"
18,AIMIN TCM HEALTHCARE ASSOCIATE PTE LTD,"432 Clementi Ave 3, Block 432, Singapore 120432"
19,AIMIN TCM WELLNESS CLINIC,"81 MacPherson Ln, #01-33, Singapore 360081"
20,AMK EVERGREEN LLP,"4190 Ang Mo Kio Ave 6, #02-01 Broadway Plaza, Singapore 569841"
21,AMK TCM CLINIC,"102 Hougang Ave 1, #01-1191, Singapore 530102"
22,AN JUN TCM HEALTHCARE,"81, Whampoa Drive, #01-907, Singapore, 320081"
23,AN KANG TCM,"359 Bukit Batok Street 31, #01-386, Singapore 650359"
24,ANCIENT CHINESE WELLNESS CENTRE,"Blk 7 Tanjong Pagar Plaza, Tg Pagar Rd, #02-109, Singapore 081007"
25,ANG LIANG MEDICAL HALL,"Clementi Ave 4, #01-21 Block 320, Singapore 120320"
26,ANG SHENG GE TCM,"17 Chu Lin Rd, Singapore 669910"
27,ANN YU LI TCM PTE LTD,"374 Bukit Batok Street 31, #01-164, Singapore 650374"
28,ANNIE TIANG TCM @ HQ,"11 E Coast Rd, #01-01 the Odeon, Singapore 428722"
29,APPLE WELLNESS CENTER,"2 Fusionopolis Wy, Singapore 138634"
30,ASIA TCM PTE LTD,BLK 642A PUNGGOL DRIVE #17-345. SINGAPORE 821642.
31,ASSURE FAMILY TCM CLINIC,"Blk 128 Ang Mo Kio Ave 3, #01-1861, Singapore 560128"
32,AT & TCM PTE LTD,Singapore
33,AVANT TCM CLINIC PTE LTD,"36 Beo Cres, #01-33, Singapore 160036"
34,BA YI TANG MEDICAL HALL,"77 Circuit Rd, Singapore 370077"
35,BAI CAO TANG TCM CLINIC,"Kitchener Rd, #02-83 Block 2, Singapore 200002"
36,BAI CHUAN TCM CLINIC PTE LTD,"1 Irving Pl, #02-15 The commerze@Irving, Singapore 369546"
37,BAI HUI TIAN TCM CLINIC LLP,"
Blk 475 Choa Chu Kang Avenue 3, #01 - 26, Sunshine Place, Singapore 680475"
38,BAN HOCK GUAN MEDICINE & ACUPUNCTURE CENTRE,"HDB Clementi #01-123, 713 Clementi West Street 2 (S)120713, Singapore 120713"
39,BAN JOO TONG,"354 Clementi Ave 2, Singapore 120354"
40,BAN LIN THONG DRUG STORE,"37 Circuit Rd, Singapore 370037"
41,BAN LONG MEDICAL HALL,"252 Jurong East St 24, #01-165, Singapore 600252"
42,BAN SUN CHAN CHINESE MEDICAL CENTRE,"254A Serangoon Central Dr, #01-183 Serangoon, Singapore 551254"
43,BAN YUEN FOH MEDICAL HALL,"Blk 7 Hougang Ave 3, #01-64, Singapore 530007"
44,BAO KANG CHINESE PHYSICIAN,"Blk 164 Bukit Merah Central, #03-3639, Singapore 150164"
45,BAO KANG TCM THERAPY,"390 Victoria Street #01-24 Village Hotel - Bugis, (Golden Landmark) Singapore 188061, Singapore 188061"
46,BAO MAN CHINESE MEDICAL CENTRE,"731†Yishun Street 72,†#01-47†,†Singapore†760731"
47,BAO YUAN TANG,"45 Boon Keng Rd, Singapore 339771"
48,BAO ZHI LIN CHINESE MEDICAL HALL,"10 Sago St, Singapore 059013"
49,BAO ZHI LONG TCM CLINIC,"Ang Mo Kio Ave 10, #01-1243 Block 443, Singapore 560443"
50,BAO ZHONG TANG TCM CENTRE,"Novena Specialist Center, 8 Sinaran Dr, #07-13/14, Singapore 307470"
51,BAOJIAN SHIUEN TRADITIONAL MEDICAL CARE,"Block 123 Lor 1 Toa Payoh, #01-495, Singapore 310123"
52,BCT TCM CLINIC,"675 Yishun Ave 4, #01-03, Singapore 760675"
53,BEACON CHINESE MEDICAL AND ACUPUNCTURE CLINIC,"214 Bedok North Street 1, #01-151, Singapore 460214"
54,BEAUTIFUL TIPS PTE LTD,Singapore
55,BEIJING HEALTH- LIFE CENTRE,"1 Jurong West Central 2, Singapore 648886"
56,BEIJING TCM PTE LTD,"35 Selegie Road #05-09, Level 5 Parklane Shopping Mall, Singapore 188307"
57,BEIJING TONG REN TAN SCIENCE ARTS (SINGAPORE) CO.PTE.LTD,Singapore
58,BEIJING TONG REN TANG,"209 South Bridge Rd, Singapore 058758"
59,BENG KONG EE SEAH,"210 Telok Ayer St, Masjid Al-Abrar, Singapore 068643"
60,BESS CHUA TCM CLINIC,"22 Yio Chu Kang #02-28 Highland Centre, Singapore, Singapore"
61,BIO CHINESE PHYSICIAN & FOOT THERAPY HALL,"433 Clementi Ave 3, #01-270, Singapore 120433"
62,BLOSSOM TCM CLINIC,"347 Bukit Batok Street 34, #01-260, Singapore 650347"
63,BO AI TCM CLINIC,"74 Whampoa Dr, #01-324, Singapore 320074"
64,BOLE TCM CLINIC,"232 Ang Mo Kio Avenue 3, 01-1210, Singapore 560232"
65,BOO ZHI TONG CHINESE MEDICINE AND THERAPY CENTRE,"133 New Bridge Road, Chinatown Point, #B2-19, S059413"
66,BOSONG TCM CLINIC PTE LTD,"Block 95 Lor 4 Toa Payoh, #01 - 58, Singapore 310095"
67,BRILLIANT MEDICINE & TRADING COMPANY,"618 Yishun Ring Road, #01-3240, Singapore 760618"
68,CAMFU TRADITIONAL CHINESE MEDICINE CLINIC,Singapore
69,CAO GUANG YU TCM CLINIC,"619 Geylang Rd, Singapore 389558"
70,CARING HEALTH TCM CLINIC," 973 HOUGANG STREET 91, #06-216, SINGAPORE (530973)"
71,CASTLE CHINESE MEDICAL HALL,"118 Aljunied Ave 2, #01-136, Singapore 380118"
72,CHA HENG CHOY ACUPUNCTURE & TCM PTE LTD,"147 Serangoon North Ave 1, Block 147, Singapore 550147"
73,CHAN MEDICAL HALL,"180 Bencoolen St, #01-80, Singapore 189646"
74,CHANG AN CHINESE MEDICAL TREATMENT,"449 Ang Mo Kio Ave 10, Singapore 560449"
75,CHANG CHENG CHINESE TRADITIONAL PHYSICIAN,Blk 5 Eunos Cres #01-2627 Singapore 400005
76,CHANG GE TRADITIONAL CHINESE MEDICAL HALL LLP,"95 Lorong 4 Toa Payoh, #01-48, Singapore 310095"
77,CHANG GEN TRADITIONAL CHINESE MEDICAL HALL,"Blk 95 Lor 4 Toa Payoh, #01-330, Singapore 310095"
78,CHANG JIANG ACUPUNCTURE & MEDICAL CENTRE,"164 Bukit Batok West Ave. 8, #01-150A Block 164, Singapore 650166"
79,CHANG JIANG MEDICAL & TRADING,"825 Tampines Street 81, #01-68, Singapore 520825"
80,CHANG LE,Singapore
81,CHANG LE TCM WELLNESS CLINIC,"338 Ang Mo Kio Ave 1, #01-1647, Singapore 560338"
82,CHANG QING CHINESE MEDICAL CENTRE,"150 Sims Ave, Singapore 387472"
83,CHANGCHUN TRADITIONAL CHINESE MEDICINE,"160 Yishun Street 11, Singapore 760160"
84,CHAOYANG TCM CLINIC PTE. LTD,"Hougang Ave 8, #01-947 Block684, Singapore 530684"
85,CHAU POH CLINIC CHINESE PHYSICIAN,"5 Siang Kuang Ave, Singapore 347923"
86,CHEE HOON SUN CHINESE PHYSICIAN,"Ang Mo Kio Ave 4, #01-1281 HDB, 607, Singapore 560607"
87,CHEE SENG MEDICAL HALL,"61 Teban Gardens Rd, #01-09, Singapore 600061"
88,CHEE SENG TONG MEDICAL HALL,"200 Upper Thomson Rd, #01-02 Imperial Court, Singapore 574424"
89,CHENG YI TANG YAO CAI YANG SHENG DIAN,"#02-5043A 465 NORTH BRIDGE ROAD, Singapore 191465"
90,CHEW YIK WAI TCM PHYSICIAN,"01-12 94 Lor 4 Toa Payoh, Singapore 310094"
91,CHI PRELUDE TCM WELLNESS LLP,"403 Bedok North Ave 3, Singapore 460403"
92,CHIA CHAY PUAY CLINIC,"18 Upper Boon Keng Rd, Singapore 380018"
93,CHIA KIT CHAY CLINIC,"822 Tampines Street 81 #01-192 Tampines Grove, Singapore 520822"
94,CHIEN CHI TOW,"253 Jurong East St 24, #01-219, Singapore 600253"
95,CHIME TCM CLINIC PTE. LTD.,"18 Teck Whye Ln, #01-99, Singapore 680018"
96,CHINATOWN CHINESE MEDICAL CENTER,"Upper Cross St, #01-156 Block 34, Singapore 050034"
97,CHINESE ACUPUNCTURE & CAUTERIZATION CENTRE,"545 Serangoon Rd, Singapore 218167"
98,CHINESE MEDICAL CENTRE PTE LTD,"149 Rochor Rd, Singapore 188425"
99,CHINESE PHYSICIAN CHRISTOPHER LEE'S CLINIC,"186 E Coast Rd, Singapore 428892"
100,CHINESE TRADITIONAL HEMED PTE LTD,"101 Upper Cross St, #03-59, Singapore 058357"
101,CHIT CHONG CHINESE MED CTR,"305 Ubi Ave 1, Block 305, Singapore 400305"
102,CHIU KAH FATT TCM & ACUPUNCTURE CLINIC PTE LTD,"Block 465 Crawford Ln, #02-32, Singapore 190465"
103,CHONG HOE HEALTH PRODUCTS CHINESE MEDICAL STORE,"71 Serangoon Garden Way, Singapore 555967"
104,CHONG HOE HEALTHCARE,"144 Upper Bukit Timah Rd, #02-14, Singapore 588177"
105,CHONG HOE SING PTE LTD,"211 Lor 8 Toa Payoh, #01-09, Singapore 310211"
106,CHONG POH CHINESE MEDICAL AND HEALTH PRODUCTS,"152 Serangoon North Ave 1, #01-324 Serangoon North Village, Singapore 550152"
107,CHONG POU NGIAN,"304 Woodlands Street 31, Singapore 730304"
108,CHOON ANN MEDICAL HALL,"HDB Yishun #01-109, Yishun Street 71, S)760729 Block 729, Singapore 760729"
109,CHOON CHIANG TONG MEDICAL HALL,"Blk 94 Lor 4 Toa Payoh, #01-18, Singapore 310094"
110,CHUA CLINIC TCM & ACUPUNCTURE,"279 Balestier Rd, #02-17, Singapore 329727"
111,CHUA THIAM HUAT TCM CENTRE,"803 Keat Hong Cl, #01-02, Singapore 680803"
112,CHUN HSING CHINESE PHYSICIAN LLP,"443 Ang Mo Kio Ave 10, Singapore 560443"
113,CHUN LIH MEDICAL HALL,"Golden Mile Clinic #02-5035, North Bridge Rd, S)191465 465, Singapore 191465"
114,CHUNG LING CHINESE MEDICINE SHOP,"151 Bishan St.11, #01-187, Singapore 570151"
115,CI CHUN ACUPUNCTURE & NATURAL MEDICAL HALL,"151 Chin Swee Rd, #01 - 23 Manhattan House, Singapore 169876"
116,CI EN TCM CLINIC,"8 BURN ROAD, #15-13, TRIVEX, Singapore 369977"
117,CI HUI MEDICAL CENTRE,"106 Yishun Ring Rd, #01-187 Chong Pang City, Singapore 760106"
118,CI KANG TCM,"574 Ang Mo Kio Ave 10, #01-1823, Singapore 560574"
119,CI KANG TCM CLINIC AND WELLNESS CENTRE,"574 Ang Mo Kio Ave 10, #01-1823, Singapore 560574"
120,CI YUAN TCM FREE CLINIC,"662 Hougang Ave 4, #01-409, Singapore 530662"
121,CI YUAN TCM PHYSICIAN & ACUPUNCTURIST,"128 Ang Mo Kio Ave 3, #01-1843, Singapore 560128"
122,CLS CHOO LED SIN CLINIC,"Blk 1, Tanjong Pagar Road, Tanjong Pagar Plz, #02-08, Singapore 082001"
123,COLEMAN TCM CLINIC STUDIO,"1 Coleman St, #03-47 The Adelphi, Singapore 179803"
124,COMBINED CHINESE MEDICAL HALL (TCM),"Blk 115 Jalan Bukit Merah, #01-1615, Singapore 160115"
125,COME-WELL CHINESE MEDICINE HALL,"632 Bedok Reservoir Rd, Singapore 470632"
126,COMPLEMENTARY INTEGRATIVE MEDICINE CLINIC,Singapore 308433
127,D&N CHINESE TREATMENT CENTRE,"46 Jln. Bukit Ho Swee, #01-886, Singapore 160046"
128,DA AI TCM CLINIC & HEALTH CARE CENTER,"30 Yishun Street 81, #03-06B , Singapore 768455"
129,DAH YEN MEDICAL HALL TRADING,"504 Tampines Central 1, #01-319, Singapore 520504"
130,DAJIA TCM CLINIC,"Bedok Central #01-134 Block 219, Singapore 460219"
131,DAO OF TCM CLINIC,"601 MacPherson Rd, #01-02 Grantral Mall@Macpherson, Singapore 368242"
132,DE KANG ACUPRESSURE HEALTH NATUROPATHY,"537 Bedok North Street 3, #01-517 Kaki Bukit Mall, Singapore 460537"
133,DE MING ACUPUNCTURE & TCM CENTRE,"4 Queen's Rd, Singapore 260004"
134,DE XING TCM PTE LTD,"160 Changi Road, #01-04 Hexacube, Singapore 419728"
135,DE YI CHINESE PHYSICIAN,"266 Serangoon Central Dr, #02-261, Singapore 550266"
136,DEHE TCM,"SG 1 Orchard Boulevard, Camden Medical centre, #07-07, Singapore 248649"
137,DI YI TCM PTE LTD,"10 Anson Rd, #02-87A/88 International Plaza, Singapore 079903"
138,DIYI TCM,"10 Anson Rd, #02-87A/88 International Plaza, Singapore 079903"
139,DONG HUA TCM CLINIC PTE LTD,"Blk, 785E Woodlands Rise, #01-05, Singapore 735785"
140,DONG JING JING TCM,"Blk 306 Ubi Ave 1, #01-193, Singapore 400306"
141,DONG SHAN CHINESE MEDICAL CENTRE,"164 Bukit Merah Central, #03 - 3647, Singapore 150164 "
142,DONG XING TCM,"432 Clementi Ave 3, #01-288, Singapore 120432"
143,DR GEE SWEE SIEN,Singapore
144,DRAGON HEALTH CHINESE TREATMENT CENTER,"101 Upper Cross Street, #01-46, People's Park Centre, Singapore 058357"
145,DRAGON PAVILION CHINESE MEDICAL HALL,"27 Foch Rd, #02-03, Singapore 209264"
146,E JIA CHINESE PHYSICIAN,"239 Yishun Ring Rd, Singapore 760239"
147,EASTERN CLINIC,"1 Brooke Rd, #02-07 Katong Plaza, Singapore 429979"
148,EASTERN HEALING TCM CLINIC,"345 Clementi Ave 5, #01-88, Singapore 120345"
149,EC-CARE TCM& MATURAL THERAPY CENTRE,"85 Whampoa Dr, Singapore 320085"
150,ECON TCM SERVICES PTE LTD,"150 Bishan St.11, #01-135 Bishan Green, Singapore 570150"
151,EDWARD TCM,"272 South Bridge Rd, Singapore 058821"
152,ELEMENTS WELLNESS,#B1-30 ION Orchard
153,ELIN CHINESE PHYSICIAN & MEDICAL HALL,"132 Marsiling Rise, #01-214, Singapore 730132"
154,EMMANUEL TCM ACUPUNCTURE CLINIC,"Blk 333 # 01-15, Kreta Ayer Rd, #080333, Singapore 080333"
155,EMW PHYSIOTHERAPY & TCM CLINIC,"9 Scotts Road #10-04, Scotts Medical Centre @ Pacific Plaza, Singapore 228210"
156,EN YUE TCM CLINIC,"511 GUILLEMARD ROAD #03-16 GRANDLINK SQUARE Singapore, 399849 Singapore"
157,ENERGY TCM CLINIC,"355 Changi Rd, Singapore 419819"
158,ENG BAN LEONG MEDICAL HALL,"Jln Kukoh, #01-113 Block 3, Singapore 161003"
159,ENG CHEE TONG MEDICAL HALL,"84 Redhill Ln, Singapore 150084"
160,ENOK TRADITIONAL CHINESE MEDICINE CLINIC,"14 Scotts road #04-73 Far East plaza, Singapore 228213"
161,ENVISION TCM CLINIC,"6 Telok Blangah Cres, #01-430, Singapore 090006"
162,ESSENTIALS TRADITIONAL CHINESE MEDICINE,"211 New Bridge Rd, Singapore 059432"
163,ESTHER GOW,510 Jurong West Street 52
164,EU YAN SANG TCM CLINIC,"Singapore,†640510"
165,EVER SPRING MEDICAL GROUP PTE LTD,"42 Cambridge Rd, #01-04 Cambridge Owen Garden, Singapore 210042"
166,EVERGRACE TCM,"153 Serangoon North Ave 1, #01-550 Serangoon North Village, Singapore 550153"
167,EVERGREEN ACUPUNCTURE,"Blk 163 Ang Mo Kio Ave 4, #01-452, Singapore 560163"
168,EVERGREEN TCM CLINIC,"Blk 163 Ang Mo Kio Ave 4, #01-452, Singapore 560163"
169,EVERLASTING CHINESE HERBS & ACUPUNCTURE CENTRE,"183 Jalan Pelikat #01-42 s(537643, Singapore 537643"
170,EVERRISE TRADITIONAL HEALTHWAY SERVICES,"756 Upper Serangoon Rd, Singapore 534626"
171,EXPERT THERAPY SERVICE,"302 Woodlands Street 31, #01-275, Singapore 730302"
172,FAI YIN TONG TRADITIONAL MEDICINE,"820 Tampines Street 81, #01-524, Singapore 520820"
173,FENG JIAYANG TCM CLINIC PTE LTD,"2 Havelock Rd, #02-22, Singapore 059763"
174,FERRAGOLD,"629 Aljunied Rd, #01-03 Cititech Industrial Building, Singapore 389838"
175,FLOWER MOON TCM CLINIC,"101 Irrawaddy Road, @, #15-02 Royal Square Medical Centre, Singapore 329565"
176,FONG ACUPUNCTURE & MEDICAL HALL,"479 Jurong West Street 41, Singapore 640479"
177,FONG CHEONG PTE LTD MEDICAL HALL,"#01-56, Hong Lim Complex, 531 Upper Cross St, Singapore 050531"
178,FONG YOUNG ACUPUNCTURE & TRADITIONAL CHINESE MEDICAL HALL,"42 Chai Chee St, Singapore 461042"
179,FOO HAI BUDDHIST CULTURAL & WELFARE ASSOCIATION,"87 Geylang East Ave 2, Singapore 389753"
180,FOOK NGIAN TONG,"Block 18 Upper Boon Keng Rd, #01-1143 (5 min walk from Kallang MRT, Singapore 380018"
181,FOOK SANG TONG WONG KEE CHINESE SINSEH,"Blk 17, Bedok South Road, #01-587, Singapore 40017"
182,FOOT ARTISAN REFLEXOLOGY TCM,"149 Rochor Rd, #02-05 Fu Lu Shou Complex, Singapore 188425"
183,FOUR LEAF CLOVER HEALTHCARE TCM CLINIC,"5 Eunos Cres, #01-2617, Singapore 400005"
184,FU HUA ACUPUNCTURE MASSAGE THERAPY HALL,"18 Jln Sultan, Singapore 190018"
185,FU HUI TCM CLINIC,"105 Punggol Rd, Singapore 546636"
186,FU JIAN TCM MEDICAL CENTRE PTE LTD,"727 Clementi West Street 2, #01-246, Singapore 120727"
187,FU KANG TCM WELLNESS,"301 Ubi Ave 1, #01-261, Singapore 400301"
188,FU NAN TRADITIONAL CHINESE MEDICAL CENTRE,"152 Bukit Batok Street 11, #01-266, Singapore 650152"
189,FU TIAN ACUPUNCTURE & MEDICAL CENTRE,"988C Jurong West Street 93, Block 988A, Singapore 643988"
190,FUJIAN LIMING MEDICAL HEALTH PRODUCTS,"Blk 279 Bishan Street 24, #01-42, Singapore 570279"
191,FUNG ONN MEDICAL STORE,"Block 38 Margaret Dr, #02-04, Singapore 141038"
192,FYT MEDICAL & HEALTH,"144 Upper Bukit Timah Rd, #02-08 Beauty World Centre, Singapore 588177"
193,G&G TCM MEDICAL PTE LTD,"26 Pagoda St, Singapore 059187"
194,GIAN MIN MEDICAL CENTRE,"152 Mei Ling St, #01-16, Singapore 140152"
195,GINGKO TCM CENTRE,"101 Upper Cross St, #B1-57 People's Park Centre, Singapore 058357"
196,GM SPA PTE LTD,"432 Clementi Ave 3, #01-286, Singapore 120432"
197,GOH SIEW KUAN ACUPUNCTURE & TRADITIONAL CHINESE MEDICINE,"428 Jurong West Ave 1, Singapore 640428"
198,GOH TECK KIM (TCM),"170 Upper Bukit Timah Rd, Singapore 588179"
199,GOOD HEALTH MEDICAL TECHNOLOGY PTE. LTD.,†21 Choa Chu Kang Avenue 4Lot 1 #02-27Singapore 689812
200,GOOD NEIGHBOUR MEDICAL HALL & HAIR SALOON,"Block 250, Tampines Street 21, #01-508, Singapore 520250"
201,GOODHEAL TCM WELLNESS,"81 Clemenceau Ave, #03-19 UE Square Shopping Mall, Singapore 239917"
202,GOODHEALTH TCM CLINIC,"150 Orchard Rd, #03-45 Orchard Plaza, Singapore 238841"
203,GOODLADY TCM BEAUTY,"131 Jurong Gateway Rd, Singapore 600131"
204,GOODWILL MEDICAL HALL & ACUPUNCTURE CENTRE,"214 Jurong East Street 21, Singapore 600214"
205,GRACE CHINESE PHYSICIAN TREATMENT CENTRE,10 ANSON ROAD #05-16 INTERNATIONAL PLAZA
206,GRAND OAK TCM CLINIC,"436A Joo Chiat Rd, Level 2, Singapore 427649"
207,GRANDLINK TCM CENTRE,"511 Guillemard Rd, Singapore 399849"
208,GRANDWELL CHINESE MEDICAL HALL,"Tampines St. 11, #01-132 Block 138, Singapore 521138"
209,GREAT WALL TCM & ACUPUNCTURE PTE LTD,"75D Redhill Rd, #01-106 & #01-114, Singapore 154075"
210,GREAT WALL TCM & WELLNESS PTE LTD,"75D Redhill Rd, #01-106 & #01-114, Singapore 154075"
211,GREEN LEAVES CHINESE MEDICAL THERAPY ACCUPUNCTURE CENTRE,7 HOUGANG AVENUE 3 #01-52 (S) 530007
212,GU FANG TCM CLINIC,"Block 35 Circuit Rd, #01-446, Singapore 370035"
213,GU JIN MEDICAL HALL,"109 Bukit Batok West Ave 6, Block 109, #01-12, Singapore 650109"
214,GUAN ANN CHAN GINSENG SUPPLIER,"504 Jurong West Street 51, #01-239, Singapore 640504"
215,GUAN HAI TCM PHYSICIAN CLINIC,"269 QUEEN STREET, #02-248, SINGAPORE (180269)"
216,GUAN HUAI TCM PHYSICIAN CLINIC,"Blk 269 Queen St #02-248, Singapore 180269"
217,GUAN TAI TCM PHYSICIAN,"85 Lorong 4 Toa Payoh, #01-332 , Singapore 310085"
218,GUAN YIN TCM CLINIC,"123 BUKIT MERAH LANE 1, #01-94, Singapore 150123"
219,GUANG AN TCM & HEALTH,"11 Tanjong Katong Road, KINEX Shopping Mall 02-12, #13, Singapore 437157"
220,GUANG JUN TCM CLINIC,"22 Yio Chu Kang Rd, #01-08 HIGHLAND CENTRE, Singapore 545535"
221,GUANG YI TANG TCM CENTRE LLP,"118 Aljunied Ave 2, #01-132, Singapore 380118"
222,GUANG ZHOU PANG JIN,"190 Middle Rd, #04-01, Singapore 188979"
223,GUI LIN CHINESE MEDICAL ACUPUNCTURE CENTRE,"282 Joo Chiat Rd, Singapore 427536"
224,GUI LIN DA TIAN (TCM) CENTRE,"50 EAST COAST ROAD, #02-81, ROXY SQUARE, Singapore 428769"
225,GUI YING TCM CLINIC,"411 Yishun Ring Rd, Singapore 760411"
226,GUN AUN CHON CHINESE GINSENG MEDICAL SHOP,"548 Woodlands Drive 44, #01-01, Singapore 730548"
227,GUO AN TANG TCM CLINIC,"Blk 502 Jurong West Ave 1, #02-823, Singapore 640502"
228,GUO TAI TCM REHAB & WELLNESS CENTRE SINGAPORE,"111 Somerset Rd, #03-29 TripleOne Somerset, Singapore 238164"
229,H & Z TCM PTE LTD,"271 Bukit Timah Rd, #02-03, Singapore 259708"
230,H2HAND WELLNESS PTE.LTD,"5 Thomson Rdg, Singapore 574635"
231,HAI MENG CHINESE PHYSICIAN & ACUPUNCTURIST,"36 Chai Chee Ave, #01-163 Block 36, Singapore 461036"
232,HAN DIAN TCM CLINIC PTE LTD,"930 Yishun Ave 2, #03-15, Singapore 769098"
233,HAN EN TCM CLINIC,"1 Brooke Road, Katong Plaza #02-09, Singapore 429979"
234,HAN SENG THYE MEDICAL PRODUCT TRADING,"809 Hougang Central, #01-184, Singapore 530809"
235,HAN YI TCM,"717 Bedok Reservoir Rd, #01-K1 Block 717, Singapore 470717"
236,HANG ZHOU CHINESE MEDICINE CENTRE,"330 ANG MO KIO AVENUE 1, #01-1811, TECK GHEE VIEW, Singapore 560330"
237,HANYIGUAN TCM PTE LTD,"501 W Coast Dr, #01-280, Singapore 120501"
238,HARMONY TCM CLINIC PTE LTD,"190 Clemenceau Ave, #02-29, Singapore 239924"
239,HARMONY TCM HEALTHCARE,"412 Bedok North Ave 2, #01-142, Singapore 460412"
240,HARVEST TCM,"1 PEMIMPIN DRIVE, #06-08, ONE PEMIMPIN, Singapore 576151"
241,HE HUA WELLNESS CENTRE,"338 ANG MO KIO AVENUE 1, #01-1611, TECK GHEE COURT, Singapore 560338"
242,HE LE XUAN LLP,"232 Hougang Ave 1, Block 232, Singapore 530232"
243,HE RUN TCM CLINIC,"40 Beo Cres, #01-18, Singapore 160040"
244,HE XIE TCM HEALTHCARE,"Blk186 Toa Payoh Central, #01-426, Singapore 310186"
245,HEALING HEALTH TCM THERAPY PTE LTD,"Blk 1 Tanjong Pagar Plz, #01-09, Singapore 082001"
246,HEALIX TCM PTE LTD,"5 Jln Wangi, Sennett Estate, Singapore 349352"
247,HEALTH & BEAUTY PTE LTD,"38 Upper Cross St, Singapore 058341"
248,HEALTH & CARE TCM CLINIC,"164 Stirling Road #01-1206 Â§ßÁâå, 164 Âè≤Âæ∑ÊûóË∑Ø, Singapore 140164"
249,HEALTH AND BALANCE TCM,"190 Clemenceau Ave, #06-01, Singapore 239924"
250,HEALTH LAB TCM WELLNESS,"111 SOMERSET ROAD, #03-29, Singapore 238164"
251,HEALTH RECOVERY TCM MEDICAL CLINIC,"123 Lor 1 Toa Payoh, #01-507, Singapore 310123"
252,HEALTH TRADITIONAL MEDICINE LIMITED,"111 North Bridge Rd, Singapore 179098"
253,HEALTH TRADITIONAL MEDICINE PTE LTD,"1 Commonwealth Ln, #08-02 One Commonwealth, Singapore 149544"
254,HEALTHCARE ACUPUNCTURE & CHINESE MEDICINE CENTRE,"254A Serangoon Central Dr, #01-169, Singapore 551254"
255,HEALTHY LIFE TCM SERVICES,"76 Bras Basah Rd, #05-02 Carlton Hotel Singapore, Singapore 189558"
256,HEALTHY LIVING TCM CLINIC,"150A BISHAN STREET 11, #01-163, Singapore 571150"
257,HEART SPRINGS HOLDINGS PTE LTD,"50 UBI AVENUE 3, #03-18, FRONTIER ∑ 408866 "
258,HEARTCORE TCM PTE LTD,"16 Waringin Pk, Singapore 416329"
259,HEITMAN WELLNESS CENTRE PTE LTD,"100 Eu Tong Sen St, Singapore 059812"
260,HENG CHINESE PHYSICIAN & ACUP.CTR,"22 Yio Chu Kang Rd, #01-28, Singapore 545535"
261,HENG SAY TONG MEDICAL HALL PTE LTD,"101 Upper Cross St, Singapore 058357"
262,HENG SHAN CHINESE MEDICINE,"51 Upper Serangoon Rd, #03-08 POIZ CENTRE MALL, Singapore 347697"
263,HERBALMED CHINESE MEDICAL CLINIC,"26 Jln Membina, #01-05, Singapore 161026"
264,HERBS HEALTH BEN CAO KANG MU PTE LTD,"210 Hougang St 21, #01-237, Singapore 530210"
265,HERBS JUNCTION,Singapore 058727
266,HERITAGE TCM CLINIC,"304 Orchard Road Lucky Plaza, #05-43 , Singapore 238863"
267,HERWILL TCM,"10 North Bridge Rd, #02-5115, Singapore 190010"
268,HEYI TCM CLINIC,Singapore
269,HO HEALTH SERVICE,"18 Jln Membina, #02-01 TIONG BAHRU COURT, Singapore 164018"
270,HO HONG MENG TCM PTD LTD,"801 Tampines Ave 4, #01-277, Singapore 520801"
271,HO KAR CHOON MEDICAL PRODUCT AND TRADING CO,"Blk 34 Upper Cross St, #03-144, Singapore 050034"
272,HOCK ANN TONG,"64 Circuit Rd, Singapore 370064"
273,HOCK LAM HANG MEDICAL HALL,"Bukit Batok West Ave 6, #01-262 Block 152, Singapore 650152"
274,HOCK LEONG ANN,"231A Sumang Ln, #01-03 Block 231A HDB Matilda Court, Singapore 821231"
275,HOLO TRADITIONAL CHINESE MEDICINE CLINIC LLP,"144 Upper Bukit Timah Rd, #01-25 Beauty World Centre, Singapore 588177"
276,HONG DA ZHONG YI GUAN,"87 Circuit Rd, #01-979 MacPherson Oasis, Singapore 370087"
277,HONG LAI CHINESE MEDICINE,"408, Ang Mo Kio Avenue 10, #01-803, Singapore 560408"
278,HONG REN TCM CLINIC,"1 Jalan Bukit Merah, Singapore 150001"
279,HONG YI TCM HEALTHCARE PTE LTD,"16, Arumugam Road, #01-03, LTC Building D, Singapore 409961."
280,HONG ZHENG LIANG YI PTE LTD,"8 ADMIRALTY STREET
#05-14
ADMIRAX
SINGAPORE (757438)"
281,HOUGANG CHINESE MEDICAL CLINIC,"56 New Upper Changi Rd, #01-1290 Bedok Ixora, Singapore 461056"
282,HOUSE CALL CHINESE MEDICINE CLINIC,"Holland Cl, Block 4, Singapore 271004"
283,HOUSE OF HERBS TCM CENTRE LLP,"6001 Beach Rd, Singapore 199589"
284,HSI CHINESE MEDICINE,"304 Orchard Rd, Suite #05 - 33 Lucky Plaza, Singapore 238863"
285,HTCM PTE LTD,Singapore
286,HUA AN TCM CLINIC,"Blk 119 Aljunied Ave 2, #01-24, Singapore 380119"
287,HUA DE TCM CLINIC,"306 Choa Chu Kang Ave 4, #01-679C, Singapore 680306"
288,HUA KANG CHINESE MEDICAL AND THERAPY CENTRE,"532 Ang Mo Kio Ave 10, #01-2481, Singapore 560532"
289,HUA KANG TCM THERAPY,"Singapore, Ang Mo Kio Ave 10, 526Âè∑#01-2417 ÈÇÆÊîøÁºñÁ†Å: 560526"
290,HUA KUN ACUPUNCTURE CLINIC,"Katong Plaza, 1 Brooke Rd, #02-24, Singapore 429979"
291,HUA MEI ACUPUNCTURE & TCM CENTRE,"128 Bukit Merah View, #01-46 Block 128, Singapore 150128"
292,HUA XIA TRADITIONAL TCM CLINIC,"124 Bukit Merah Lane 1, Singapore 150123"
293,HUA YU ACUPUNCTURE & MEDICAL CLINIC,"Blk 526, Ang Mo Kio Ave 10, #01-2417, Singapore 560526"
294,HUANONG ACUPUNCTURE & CHINESE MEDICINE,"731 Yishun Street 72, #01-41, Singapore 760731"
295,HUI HAO TCM CLINIC PTE LTD,"55 Changi Rd, #02-30 Millage, Singapore 419709"
296,HUI JI KANG TRADITIONAL CHINESE MEDICINE HEALTH PTE LTD,"351 Jurong East Street 31, Block 351, Singapore 600351"
297,HUI REN TCM PTE LTD,"693 WOODLANDS AVENUE 6, #01-07, Singapore 730693"
298,HUI SHENG TCM CLINIC PTE LTD,"190 Clemenceau Ave, #01-11 & #02-24 Singapore Shopping Centre, Singapore 239924"
299,HWA XIA CHINESE MEDICINE & THERAPY CENTRE,"34 Whampoa W, #01-71, Singapore 330034"
300,HWEALTH TCM CARE PTE LTD,"1 RAFFLES LINK, #B1-18/20, ONE RAFFLES LINK, Singapore 039393"
301,IAG HEALTHSCIENCES PTE LTD,"290 Orchard Road #07-11/12, Paragon Medical Suites, Singapore, 238859"
302,IBEAUTY WELLNESS & TCM PTE LTD,"703 Ang Mo Kio Ave 8, #01-2531/#02-2529, Singapore 560703"
303,IDEAL TCM CLINIC,"78B Telok Blangah Street 32, #01-23, Singapore 102078"
304,INNOVATIVE TCM CENTRE PTE LTD,"Blk 123 Lor 1 Toa Payoh, #01-519, Singapore 310123"
305,INTEGRAL NATURAL TREATMENT CENTRE,"1 Coleman St, Singapore 179803"
306,INTERNATIONAL ACUPUNCTURE CENTRE,"2 Serangoon Terrace, Singapore 535747"
307,J-S MEDICAL & ACUPUNCTURE CENTRE,"436 Hougang Avenue 8, #B1-1505, Hibiscus@Ang Mo Kio, Singapore 530436"
308,JANE TCM CLINIC PTE LTD,"305 WOODLANDS STREET 31, #01-55, FUCHUN NEIGHBOURHOOD CENTRE, Singapore 730305"
309,JI CHINESE PHYSICIAN & SPRAIN TREATMENT CENTRE,"412 Bedok North Ave 2, #01-124, Singapore 460412"
310,JI LIN TCM CLINIC,"725 Clementi West Street 2, #01-202, Singapore 120725"
311,JI SHI TCM CLINIC,"Blk 354 Clementi Ave 2, #01-243, Singapore 120354"
312,JI TCM HEALTH AND WELLNESS PTE LTD,"729 Ang Mo Kio Ave 6, #01-4280 AMK Central, Singapore 560729"
313,JIA KANG TCM CLINIC,"66 Lor 4 Toa Payoh, #01-307, Vista 310066"
314,JIA LE TCM WELNESS,"Bishan Street 24, Block 288, Singapore 570288"
315,JIACHENG THERAPEUTIC SERVICES,"539 Bukit Batok Street 52, #01-571, Singapore 650539"
316,JIAN KANG ZI YEW PTE LTD,"517 W Coast Rd, Singapore 120517"
317,JIANG SHAN TCM PTE LTD,"215 Ang Mo Kio Avenue 1, Ang Mo Kio Street 22, #01-895, Singapore 560215"
318,JIANG XIN CHINESE PHYSICIAN & THERAPY CENTER,"BLK 308 HOUGANG AVENUE 5#01-K1 530308, Singapore 530308"
319,JIANKANG TCM HEALTHCARE CENTRE,"261 Waterloo St, Singapore 180261"
320,JIMMY YONG LIN SWEE,Singapore
321,JIN ACUPUNCTURE & ACUPRESSURE CENTRE PTE LTD,"255J Bukit Timah Rd, Singapore 259696"
322,JIN GU LIAO CHINESE MEDICAL CENTRE,"Blk 854 Jurong West Street 81, #01-502, Singapore 640854"
323,JIN HO TCM ACUPUNCTURE CLINIC,"846 Yishun Ring Rd, Singapore 760846"
324,JIN HUANG CHINESE PHYSICIAN,"85, Lor 4 Toa Payoh, #01-336, Singapore 310085 Lor 4 Toa Payoh, Singapore 310085"
325,JIN ON TONG CHINESE MEDICAL HALL,"48 Sims Pl, #01-153, Singapore 380048"
326,JIN YI TCM ACUPUNCTURE CLINIC,"67 Kallang Bahru, #01-455, Singapore 330067"
327,JING XIN TCM BEAUTY,"322 Hougang Ave 5, #01-78, Singapore 530322"
328,JIUJIU TANG TCM MEDICAL HALL,"330 Ang Mo Kio Ave 1, Singapore 560330"
329,JK FOOT EAST PTE LTD,"1 PARK ROAD, #02-64, PEOPLE'S PARK COMPLEX, Singapore 059108"
330,JK WELLNESS PTE LTD,"1 PARK ROAD, #02-64, PEOPLE'S PARK COMPLEX, SINGAPORE 059108"
331,JOO HWA CHINESE PHYSICIAN,"825 Tampines Street 81, #01-66 Shop T West, Singapore 520825"
332,JOVIAL WELLNESS & AESTHETIC,"8 Eu Tong Sen St, #24-84 The Central, Singapore 059818"
333,JOY TCM CLINIC,"64 Circuit Rd, #01-357, Singapore 370064"
334,JUIZE TCM CLINIC,"160 Changi Rd, #02-06 HexaCube, Singapore 419728"
335,JUN KANG TCM PTE LTD,"Lor 6 Toa Payoh, #01-146 Block 47, Singapore 310047"
336,JURONG CHINESE MEDICAL,"221 Boon Lay Pl, Singapore 640221"
337,JUYUAN TCM CLINIC PTE LTD,"Bukit Batok Central, #01-62 Block 642, Singapore 650642"
338,K C KOH CHINESE PHYSICIAN,"77, INDUS ROAD, #01-501, SINGAPORE 160077"
339,KANG AN TCM CLINIC,"604 Sembawang Rd, #B1-06 Sembawang Shopping Centre, Singapore 758459"
340,KANG JI TCM PTE LTD,"380 CLEMENTI AVENUE 5 , #01-372 , SINGAPORE (120380)"
341,KANG LI TCM PTE LTD,"11 Collyer Quay, #01-06 The Arcade, Singapore 049317"
342,KANG MEI TCM THERAPY,"10 ANSON ROAD, #01-22, INTERNATIONAL PLAZA, Singapore 079903"
343,KANG MING FREE CLINIC,"122 Teck Whye Ln, #01-836, Singapore 680122"
344,KANG SHENG CHINESE PHYSICIAN & ACUPUNCTURE,"419 Tampines Street 41, #01-98A, Singapore 520419"
345,KANG SHOU TCM CENTRE,"111 Somerset Rd, #03-36 TripleOne Somerset, Singapore 238164"
346,KANGPO TCM BEAUTY AND ACUPUNTURE PTE LTD,"170 Joo Chiat Rd, Singapore 427441"
347,KELLY ORIENTAL TRADING,"269 Holland Ave, Singapore 278990"
348,KENT CHINESE PHYSICIAN,"443 Ang Mo Kio Ave 10, #01-1235 st 43, Singapore 560443"
349,KIAN HOCK MEDICAL HALL,"50 Bukit Batok Street 23, #05-26/27 Midview Building, Singapore 659578"
350,KIAN HOE MEDICAL HALL/TCM CENTRE,"440 Pasir Ris Drive 4, #01-21, Singapore 510440"
351,KIAT SIONG CLINIC & ACUPUNCTURE,"Blk 465 Crawford Ln, Unit #01-30 Crawford Centre, Singapore 190465"
352,KIM CHOON ACUPUNCTURE & CHINESE MEDICINE CENTRE PTE LTD,"67 Kallang Bahru, Singapore 330067"
353,KIM SENG TUINA CENTRE,"541 Jurong West Ave 1, Singapore 640541"
354,KIM SOON TCM & HEALTHCARE CENTRE,"119 Aljunied Ave 2, #01-12, Singapore 380119"
355,KIN TECK TONG,"B2-30/31, 133 New Bridge Road, Singapore 059413"
356,KIND TCM CLINIC,"Scotts Square, Scotts Rd, B1-20 6, Singapore 228209"
357,KIONG ONN MEDICAL HALL,"682 Hougang Ave 4, #01-374, Singapore 530682"
358,KIT CHAY MEDICAL HALL,"1010-A Upper Serangoon Rd, Singapore 534748"
359,KOH TCM CLINIC,"132 GEYLANG EAST AVENUE 1 #04-237 GEYLANG EAST GROVE Singapore, 380132 Singapore"
360,KONG CHOI TCM & ACUPUNCTURE CLINIC,"Block 163 Ang Mo Kio Ave 4, #01-464, Singapore 560163"
361,KONG'S TCM,"135 Jurong Gateway Rd, #04-349, Singapore 600135"
362,KOO CHEER YUI CLINIC,"Singapore, Tanjong Pagar Plz, 1Âè∑#02-47 ÈÇÆÊîøÁºñÁ†Å: 082001"
363,KUO T H CHINESE MEDICINE CENTRE,"10 Sinaran Dr, #03 - 47, Singapore 307506"
364,KWELIN ACUPUNCTURE CLINIC AND MEDICAL HALL,"Telok Blangah Dr, #01-175 Block 45, Singapore 100045"
365,LA GUERISON TRADITIONAL CHINESE MEDICINE,"10 Anson Rd, #02-52, International Plaza, Singapore 079903"
366,LA MAISON DE JA (LMDA GROUP),Singapore
367,LAN XIN TCM HEALTH MANAGEMENT,"43 Holland Dr, #01-63, Singapore 270043"
368,LE KANG TCM,"22A Cheong Chin Nam Rd, Singapore 599746"
369,LE TRAITEMENT TCM PTE LTD,"101 Upper Cross Street People's Park Centre, #B1, #21, Singapore 058357"
370,LEE KAI ENG CHINESE MEDICINE SERVICES,"Indus Rd, #01-493 Block 78, Singapore 161078"
371,LEE KIM LEONG ACUPUNCTURE CENTRE,"34 Lor 23 Geylang, Singapore 388368"
372,LEE MENG LIANG THERAPY,"430 Upper Changi Rd, #01-22 East Village Mall, East, Singapore 487048"
373,LEE THIM KAY,"5 Banda St, #02-80, Singapore 050005"
374,LEE YONG SENG CHINESE MEDICAL,"100 Eu Tong Sen St, #02-23 059812, Singapore 059812"
375,LEKANG TCM CLINIC,"45 Sims Dr, Block 45, Singapore 380045"
376,LI KAI WA CHINESE MEDICAL HALL,"Blk 761 Yishun Street 72, #01-362, Singapore 760761"
377,LI LIAN XING CHINESE PHYSICIAN & TRADITIONAL MEDICAL HALL,"190 Middle Rd, #02 - 30, Singapore 188979"
378,LI LIN TCM CLINIC LLP,"163 Ang Mo Kio Ave 4, #01-422 Mayflower Shopping & Food Centre, Singapore 560163"
379,LI XIN MEDICAL & ACUPUNCTURE CENTRE,"163 Ang Mo Kio Ave 4, #01-404 Mayflower Shopping & Food Centre, Singapore 560163"
380,LI XIN TANG TCM CENTRE,"1 Tanjong Pagar Plz, #02-08, Singapore 082001"
381,LI YE CHINESE MEDICAL HALL,"233 Yishun Street 21, Singapore 760233"
382,LIAN CHENG CHINESE MEDICAL HALL,"207 Bukit Batok Street 21, #01-106, Singapore 650207"
383,LIANG YI HEALTH TECHNOLOGY PTE LTD,Singapore
384,LIANGWEI TCM MEDICAL,"131 MARSILING RISE, #01-198, Singapore 730131"
385,LIANGYI TCM,"112 East Coast Road, 428802 Singapore"
386,LICON CHINESE PHYSICIAN SERVICE CENTRE,"50 E Coast Rd, Singapore 428769"
387,LIEW CHINESE PHYSICIAN DISPENSERY,"#01-406, 163 Ang Mo Kio Avenue 4 (S)560163, Singapore 560163"
388,LIFE ACUPUNCTURE & MEDICAL PTE LTD,"5 Banda St, #02-84, Singapore 050005"
389,LIFE TCM & WELLNESS CENTRE,"76 Bras Basah Rd, #05-02 Carlton Hotel Singapore, Singapore 189558"
390,LIFESPRING TCM CLINIC,"354 Clementi Ave 2, Singapore 120354"
391,LIM KONG BENG CHINESE PHYSICIAN,"265 Bukit Batok East Ave 4, #01-399, Singapore 650265"
392,LIM KWAN HOW CHINESE PHYSICIAN,Singapore
393,LIM NGEE HUAT CHINESE PHYSICIAN & ACUPUNCTURE THERAPY CENTRE,"231 Upper Thomson Rd, Singapore 574362"
394,LIM YUXIN CHINESE PHYSICIAN,Singapore
395,LIN XI CHINESE PHYSICIAN AND ACUPUNCTURE,Singapore
396,LIN YIN CHINESE MEDICAL THERAPHY,Singapore
397,LING LAN CHINESE PHYSICIAN & ACUPUNCTURIST,"148 Lor 1 Toa Payoh, Block 148 Block 148, Singapore 310148"
398,LIT SING MEDICAL & ACUPUNCTURE CLINIC,"526 Ang Mo Kio Ave 10, #01-2409 Cheng San Centre, Singapore 560526"
399,LIVING POINT FOUNDATION,Singapore
400,LO'S TCM CLINIC PTE LTD,Singapore
401,LONG CHANG TRADITIONAL CHINESE MEDICINE,"Woodlands Street 32, #01 - 115A Block 326, Singapore 730326"
402,LONG CHENG CHINESE MEDICAL HALL,"51 Chin Swee Rd, #01-79, Singapore 160051"
403,LONG KANG TCM MEDICAL PTE LTD,"104 Jurong E St 13, Singapore 600104"
404,LONG LIFE TCM HALL LLP,"50 E Coast Rd, #02-24 Roxy Square, Singapore 428769"
405,LONG ZHONG TANG TCM PTE LTD,"Blk 333 Kreta Ayer Rd, #01-27, Singapore 080333"
406,LOO FEI SING,Singapore
407,LOUIS ACUPUNCTURE & TCM HEALTH CARE,Singapore
408,LOUIS NG SUI MENG,Singapore
409,LOW KEE CHEONG,Singapore
410,LUO XU CHINESE TRADITIONAL MEDICINE,Singapore
411,MA KUANG CHINESE MEDICINE,Singapore
412,MACPHERSON TCM & WELLNESS CLINIC,"81 MacPherson Ln, #01-33, Singapore 360081"
413,MDM TCM WELLNESS CENTRE,Singapore
414,MEI YAN E SHENG PTE LTD,"11 Tanjong Katong Rd, B1-16, Singapore 437157"
415,MEISEIDO CHINESE MEDICAL TREATMENT,"545 Orchard Road #04-24 Far East Shopping Centre, Singapore 238882"
416,MENG SIANG CHINESE PHYSICIAN ACUPUNTURE SERVICES,"740 Bedok Reservoir Rd, Singapore 470740"
417,MENG TCM WELLNESS CENTRE,"133 New Bridge Rd, #14-06 Chinatown Point, Singapore 059413"
418,MIAO QUAN ACUPUNCTURIST & CHINESE PHYSICIAN,"36 Circuit Rd, Singapore 370036"
419,MIAO SHAN TCM CLINIC,"529 Ang Mo Kio Ave 10, Singapore 560529"
420,MIN ANN MEDICAL HALL,"Blk 252 Jurong East St 24, #01-111 Yuhua Village, Singapore 600252"
421,MIN HUI TCM HEALTHCARE CENTRE,"blk 87 Whampoa Dr, #01-873, Singapore"
422,MING CHUN TANG TCM CLINIC LLP,"Blk 631 Hougang Ave 8, #01-16, Singapore 530631"
423,MING CHUN TCM CLINIC,"118, #01-27 Commonwealth Cres, Singapore 140118"
424,MING DE TCM CLINIC,Singapore
425,MING YI TANG TCM CLINIC,"342 Jurong East Street 31, #02-03, Singapore 600342"
426,MINGRUI TCM CLINIC,"Ang Mo Kio Ave 5, #01-2659 Block 603, Singapore 560603"
427,MINGYANG CHINESE MEDICAL CENTRE,Singapore
428,MINH KANG MEDICARE SERVICES PTE LTD,"#02-22 Grandlink Square, 511 Guillemard Road, Singapore 399849"
429,MINKA HEALTHCARE PTE LTD,"644 Bukit Batok Central, #01-68, Singapore 650644"
430,MIU JONG MEDICAL HALL,"302 Ang Mo Kio Ave 3, Singapore 560302"
431,MOBILE CLINIC TCM MARANATHA,Singapore
432,MOMMY'S TCM PTE LTD,Singapore
433,MR LIM FOOT REFLEXOLOGY & HEALTHPLUS,"People's Park Complex, Singapore"
434,MULTIFLORA NOIBARA PTE LTD,"7030 Ang Mo Kio Ave 5, Singapore 569880"
435,MY FATHER'S FEET KOVAN PTE LTD,"6 Yio Chu Kang Road, ICB Shopping Centre, Singapore 545521"
436,MY FIRST TCM CLINIC PTE LTD,"435 Orchard Rd, #17-05 Wisma Atria Office Tower, Singapore 238877"
437,NAM HONG WELFARE SERVICE SOCIETY,"111 Yishun Ring Rd, Blk 01-375, S760111 760111"
438,NAM HUA ACUPUNCTURE & MEDICAL HALL,"915 Tampines Street 91, Singapore 520915"
439,NAM HUA MEDICAL HALL,"56 New Upper Changi Rd, #01-1328, Singapore 461056"
440,NAM WAH PAI TRADITIONAL CHINESE PHYSICIAN CENTRES,"123 Yishun Street 11, #01-499 Chong Pang View, Singapore 760123"
441,NAN HUA TRADITIONAL THERAPY CLINIC,"320 Clementi Ave 4, #01-23, Singapore 120320"
442,NAN YANG FAMILY TCM CLINIC,Singapore
443,NANYANG TCM CLINIC,"1 Jalan Anak Bukit, #02-21, Singapore 588996"
444,NATURAL CHINESE MEDICAL CENTRE,"403 Sin Ming Ave, Singapore 570403"
445,NATURAL HEALING,Singapore
446,NATURAL TCM CLINIC,"South Buona Vista Rd, Singapore"
447,NATURAL THERAPY SERVICES SINGAPORE,"100 Jln Sultan, Singapore 199001"
448,NEO TK TRADITIONAL CHINESE MEDICINE CLINIC,Singapore
449,NEW AGE CHINESE MEDICAL CENTRE,"683 Hougang Ave 8, #01-943, Singapore 530683"
450,NEW CENTURY HEALTHCARE PTE LTD,"66 Kallang Bahru, Block 66, Singapore 330066"
451,NEW LIFE (TCM),"463 Jurong West Street 41, #01-556, Singapore 640463"
452,NEXUS TCM,"160 Owen Rd, Singapore 218953"
453,NG'S CHINESE MEDICAL HALL,Singapore
454,NGEE ANN TRADITIONAL CHINESE MEDICINE CENTRE,"33 Bedok South Ave 2, Singapore 460033"
455,NHL BEYOND CLINIC PTE LTD,Singapore
456,NINE FORTUNE TCM CLINIC,"133 Jalan Bukit Merah, Block 133, Singapore 160133"
457,NING KANG TCM CLINIC,"01-131 Clementi Ave 2, Block 352, Singapore 120352"
458,NORTHERN TCM HEALTHCARE CENTRE,"Singapore, E Coast Rd, 50Âè∑Roxy Square 2#02-138 ÈÇÆÊîøÁºñÁ†Å: 428769"
459,NOVAHEALTH TCM CLINIC,"1 Raffles Pl, #05 - 17, Singapore 048616"
460,NSP TCM ACUPUNCTURE CLINIC,"211 Hougang St 21, #01-315, Singapore 530211"
461,NTU CHINESE MEDICINE CLINIC,"60 Nanyang Dr, Nanyang Technological University, School of Biological Sciences, Singapore 637551"
462,NUH ACUPUNCTURE CLINIC,"5 Lower Kent Ridge Rd, Singapore 119074"
463,OAK HEALTH CHINESE MEDICINE,Singapore
464,OC TCM HEALTHCARE CENTRE,"211 Holland Ave, #02-39 Holland Road Shopping Centre, Singapore 278967"
465,OE TCM CLINIC,Singapore
466,OH YOKE ENG TCM PHYSCIAN,Singapore
467,OKRA WELLNESS TCM CLINIC,"5 Coleman St, #02-27, Singapore 179805"
468,ONE BEAUTY SEED PTE LTD,"#02-156 Upper Cross St, Block 34, Singapore 050034"
469,ONG AH LEE TCM CLINIC,"728 Ang Mo Kio Ave 6, Singapore 560728"
470,ONG FUJIAN CHINESE PHYSICIAN,"259 Joo Chiat Rd, Singapore 427513"
471,ONG WEE LING (CHINESE PHYSICIAN AND ACUPUNCTURIST),Singapore
472,ONG'S TONIC & MEDICAL CENTRE,"107 Jalan Bukit Merah, #01-1842, Singapore 160107"
473,ORIENT CARE TCM CLINIC,"72 Circuit Rd, #01-11, Singapore 370072"
474,ORIENT DE WELLNESS GALLERY,Singapore 428769
475,ORIENTAL MEDICAL HALL PTE LTD,"Hougang Ave 5, #01-180 Block 327, Singapore 530327"
476,ORIENTAL REMEDIES GROUP,"171 E Coast Rd, #01-04/05/06, Singapore 428877"
477,ORIENTAL THERAPY PTE LTD,"354 Alexandra Rd, #01-16 Alexis on, Singapore 159948"
478,P J ART & CRAFT / ACUPUNCTURE CENTRE,"163 Bukit Merah Central, #03-3561, Singapore 150163"
479,PANG FONG CHIN TCM & ACUPUNCTURE CENTRE,"Whampoa Dr, #01-326 Block 74, Singapore 320074"
480,PEOPLE TCM CLINIC LLP,"50 E Coast Rd, #01-101 Roxy Square 1, Singapore 428769"
481,PHOENIX TCM,Singapore
482,PHYSICIAN CHEW TCM CLINIC,"809 French Rd, #02-54 Kitchener Complex, Singapore 200809"
483,PHYSICIAN TEOW AH HUA,Singapore
484,PINEWELL CHINESE MEDICINE,"360 Orchard Rd, #05-01B International Building, Singapore 238869"
485,PING MIN MEDICAL HALL,"4 Sago Ln, #01-123, Singapore 050004"
486,PINGWAH CHINESE PHYSICIAN & MEDICAL HALL,"255 Tanjong Katong Rd, Beng Tong Mansion, Singapore 437043"
487,POH ONN TONG CHINESE PHYSICIAN,Singapore
488,PRANA TCM WELLNESS,"486 Jurong West Ave 1, Block 486, Singapore 640486"
489,PREVENTION + CURE TCM,"302 Ang Mo Kio Ave 3, Singapore 560302"
490,PROCELL BIOMED PTE LTD,"14 Upper Cross St, Singapore 058330"
491,PU JI CHINESE MEDICAL HALL,"304 Serangoon Ave 2, Singapore 550304"
492,PUBLIC FREE CLINIC SOCIETY,"10 Lor 9 Geylang, Singapore 388758"
493,PULSE TCM,"501 Orchard Rd, #03-04, Singapore 238880"
494,PURE ORIGIN TCM PTE LTD,"11 Tanjong Katong Rd, #01-59 Kinex, Singapore 437157"
495,PURE WELLNESS TCM HALL,"3 Queen's Rd, #02-163 Block 3, s 260003"
496,QI EN TANG TCM CLINIC,"823 Tampines Street 81, #01-180, Singapore 520823"
497,QI FANG CHINESE PHYSICIAN & ACUP. CTR,"14 Scotts Rd, #03-13, Singapore 228213"
498,QI LIN TCM CLINIC,"101 Upper Cross St, B1-19 People's Park Centre, Singapore 058357"
499,QI TCM CLINIC,Singapore
500,QIAN JIN TCM PTE LTD,"Elias Rd, Singapore 518000"
501,QIANHE TCM HEALTHCARE,"1 Coleman St, #03-19 The Adelphi, Singapore 179803"
502,QIN AILI TCM PTE LTD,Singapore
503,QING YUAN TCM CLINIC,"Block 234 Lor 8 Toa Payoh, #01-292, Singapore 310234"
504,QUAN ANN HEALTH-CARE & ACUPUNCTURE CENTRE,"Far East Plaza, 14 Scotts Road, #03-56, Singapore 228213"
505,QUAN HING BEAUTY & FOOT REFLEXOLOGY CENTRE,"149 Rochor Rd, #02-05, Singapore 188425"
506,QUN JIAN MEDICAL HALL,"BLK 517 , Suite 01, 85 Jurong West Street 52, Singapore 640517"
507,RAFFLES CHINESE MEDICINE,"585 North Bridge Rd, #02-00 Raffles Hospital, Singapore 188770"
508,RAPHA TCM CLINIC,"580 Geylang Road Paya Lebar MRT Exit B (bus no 137, alight at 2nd bus stop Bus No: 2, 13, 21, 26, 40, 51, 67, 137, 853C Main road (between Lor 32 & 34). By appointment, Singapore 389520"
509,REAL HEALTH CENTRAL (NOVENA),"8 Sinaran Dr, #05-15, Singapore 307470"
510,REAL HEALTH CENTRAL (TANJONG PAGAR),"Tanjong Pagar, Singapore"
511,REAL HEALTH MEDICAL,"8 Sinaran Dr, #05-15, Singapore 307470"
512,REALM OF TRANQUILITY NEIGHBOURHOOD TCM CLINIC,"547,#01-177 WOODLANDS DRIVE 16, 547 Woodlands Drive 16, Block 547, Singapore 730547"
513,REBORN TCM CLINIC,"513 Yishun St 51, Singapore 760513"
514,RED SWASTIKA WELFARE CLINIC,Singapore
515,REDEFINE PERFECTION PTE LTD,"310 Orchard Rd, #04-01, Redefine Perfection by Pulse, Tang Plaza, Singapore 238864"
516,REFRESH GROUP,"20 Cecil St, Singapore 049705"
517,REFRESH TCM WELLNESS,"68 Orchard Rd, #03-47/48, Plaza, Singapore 238839"
518,REGIS MEDICAL,"255 Holland Ave, Singapore 278983"
519,REJOICE WELLNESS CLINIC,"Singapore, SG 989 Bukit Timah Road Maplewoods B1-02 ÈÇÆÊîøÁºñÁ†Å: 589629"
520,RELAXING POINT,Singapore
521,REN AI CHINESE PHYSICIAN,"742 Bedok Reservoir Rd, #01-3113, Singapore 470742"
522,REN FANG CHINESE MEDICAL HALL,"635 Ang Mo Kio Ave 6, Singapore 560635"
523,REN HE TCM HEALTHCARE PTE LTD,"Singapore, Farrer Park Station Rd, 1Âè∑Owen Link Ren He TCM Healthcare Clinic#01-07/08/09 ÈÇÆÊîøÁºñÁ†Å: 217562"
524,REN SHAN TCM ACUPUNCTURE CLINIC,Singapore
525,REN SHOU TCM PTE LTD.,"Lavender St., #147, Singapore 338742"
526,REN TAI TCM MEDICAL,"Block 131 Jalan Bukit Merah, #01-1571, Singapore 160131"
527,REN TE TUINA,Singapore
528,REN XIN TANG TCM,Singapore
529,REN XIN TCM CLINIC PTE LTD,"20 Eastwood Rd, #01-15, Singapore 486442"
530,REN XIN TCM PHYSICIAN ACUPUNCTURE & MEDICAL CLINIC,"803 King George's Ave, #01-196, Singapore 200803"
531,RENDA HEALTHCARE PRIVATE LIMITED,Singapore
532,RENREN TCM WELLNESS CLINIC,"105 Canberra St, #01-10, Singapore 750105"
533,RENYI TANG INTEGRATED HEALTH PTE LTD,"Jurong East Ave 1, #01-1211 Block 349, Singapore 600349"
534,REV. WONG CHINESE PHYSICIAN AND ACUPUNCTURE,"People's Park Complex #04-32, 1 Park Road (S)059108, Singapore 059108"
535,REVERENT HEALTH RECUPERATIC CENTRE,Singapore
536,RI AN TCM CLINIC,"63 Kallang Bahru, #01-427, Singapore 330063"
537,RI YUE TCM CLINIC,"156 Yishun Street 11, Singapore 760156"
538,RICHLIFE CHINESE MEDICAL SERVICES CENTRE,"810 Hougang Central, #01-222, Singapore 530810"
539,RONG JAI CHINESE MEDICAL CENTRE,Singapore
540,RONG SHAN TCM THERAPHY PTE LTD,Singapore
541,RONG SHENG TRADITIONAL PHYSICIAN CENTER,"253 Choa Chu Kang Ave 1, Singapore 680253"
542,RONG TAI CHINESE MEDICAL CENTRE,"761 Yishun Street 72, Singapore 760761"
543,ROYAL CHINESE MEDICINE,Singapore
544,ROYAL TCM CENTRE,"135 Jurong Gateway Rd, #02-327, Singapore 600135"
545,ROYAL WAY TCM CLINIC,"Singapore, Orchard Rd, 360Âè∑, International Building, #02-05/06 ÈÇÆÊîøÁºñÁ†Å: 238869"
546,RUI HE TCM THERAPY CENTRE,"Blk 532 Ang Mo Kio Ave 10, #01-2479, Singapore 560532"
547,S E A KANG MING CHINESE PHYSICIANS,"#03-109 Hong Lim Complex, 531 Upper Cross St, Singapore 050531"
548,S K LIM CHINESE PHYSICIAN & ACUPUNCTURIST,"78B Telok Blangah Street 32, #01-26, Singapore 102078"
549,S K MEDICARE THERAPY CENTRE,"400 Orchard Rd, #03-24 Orchard Towers, Singapore 238875"
550,SAGEMO TCM CLINIC,"30 Bendemeer Rd, #01-889, Singapore 330030"
551,SAI HUI TIAN TCM CLINIC LLP,Singapore
552,SAKURA BEAUTY TCM PTE LTD,Singapore
553,SALON ONE 3 BEAUTY SALON PTE LTD,"704 Ang Mo Kio Ave 8, #01-2547, Singapore 560704"
554,SAN SHU & FAMILY MEDICAL HALL CUM TRADING (TCM),"124 Hougang Ave 1, #01-1440, Singapore 530124"
555,SAN TAO TCM PHYSICIAN WONG CLINIC,"380 Changi Rd, Singapore 419832"
556,SAN TCM CLINIC LLP,"35 Selegie Rd, #03-25 Parklane Shopping Mall, Singapore 188307"
557,SANTE WELLNESS TCM,"Hougang Ave 1, #01-1344 Block 121, Singapore 530121"
558,SCIENCE ARTS CO PTE LTD,"150 MacPherson Rd, Level 1 Science Arts Building, Singapore 348524"
559,SEKAI TCM,"27 Foch Rd, #01-06 Hoa Nam Building, Singapore 209264"
560,SENG HWA ACUPUNCTURE & CHINESE MEDICAL CENTRE,"117 Bedok Reservoir Rd, Singapore 470117"
561,SENG LENG CHINESE PHYSICIAN,"45 Sims Dr, Singapore 380045"
562,SENGKANG HOSPITAL TCM,"Sengkang, Singapore"
563,SENNENDO MEDICAL HALL,Singapore
564,SG TIT TAR PTE LTD,"70 Shenton Wy, #15-06/07 Eon Shenton, Singapore 079118"
565,SHANDONG TRADITIONAL CHINESE MEDICINE,"134 Jurong Gateway Rd, #04-309F, Singapore 600134"
566,SHANG TCM PTE LTD,"212 Hougang St 21, #01-325, Singapore 530212"
567,SHANGHAI CHINESE MEDICINE CENTRE,Singapore
568,SHANGHAI TCM WELLNESS,Singapore
569,SHANGRILA TCM WELLNESS CLINIC LLP,"1 Coleman St, Singapore 179803"
570,SHAW FONG CHINESE MEDICAL & ACUPUNCTURE HALL,"8 Selegie Rd, Singapore 180008"
571,SHEN NONG TCM LLP,"39 Carpenter St, #02-01, Singapore 059918"
572,SHENG HUA CHINESE MEDICAL CLINIC,Singapore
573,SHENZHOU CHINESE PHYSICIAN CLINIC,"252 Jurong East St 24, Singapore 600252"
574,SHI KANG ACUPUNCTURE & CHINESE PHYSICIAN,"Blk 55 Chai Chee Dr, #01-178, Singapore 460055"
575,SHINN SHYANG MEDICAL CO,"149 Rochor Rd, Singapore 188425"
576,SHUANGYIN CHINESE MEDICAL CENTRE,"269B Queen St, #02-244 Opposite Guanyin temple, Singapore 180269"
577,SI EN TCM MEDICAL CLINIC PTE LTD,"433 Clementi Ave 3, #01-264, Singapore 120433"
578,SI MEI TRADITIONAL CHINESE MEDICINE & TUINA CENTRE,"122 Ang Mo Kio Ave 3, #01-1761, Singapore 560122"
579,SIAH AH CHEOK CHINESE MEDICAL HALL,"371 Upper Paya Lebar Rd, Singapore 534969"
580,SIAH AH CHEOK CHINESE SINSEH,"371 Upper Paya Lebar Rd, Singapore 534969"
581,SIAN CHAY MEDICAL INSTITUTION,Singapore
582,SICHUAN CHINESE MEDICINE CENTRE,"451 Jurong West Street 42, Block 451, Singapore 640451"
583,SILK SPA TCM,"55 Jln Sultan, Singapore 198977"
584,SIMPSON TCM CLINIC,"1 Bukit Batok Central Link #03-17 West Mall, Singapore 658713"
585,SIN HWA ACUPUNCTURE CENTRE,"452 Ang Mo Kio Ave 10, Block 452 Block 452, Singapore 560452"
586,SIN KANG TCM CLINIC,"04 - 14, 100 AM, 100 Tras St, Singapore 079027"
587,SIN NAM MEDICAL HALL PTE LTD,"#01-101 Yishun Street 71, Block 729, Singapore 760729"
588,SIN RUI TCM CLINIC,"22 Yio Chu Kang Rd, Singapore 545535"
589,SIN-JONG TRADITIONAL MEDICAL & ACUPUNCTURE,"78 Circuit Rd, Singapore 370078"
590,SINCHONG,"311 New Upper Changi Rd, #B2-48 Bedok Mall, Singapore 467360"
591,SING WAH MEDICAL HALL TCM CLINIC,Singapore
592,SINGA CARE MEDICAL,"Veerasamy Rd, #02-119 Block 637, Singapore 200637"
593,SINGAPORE BUDDHIST FREE CLINIC,"48 Lor 23 Geylang, Singapore 388376"
594,SINGAPORE CHINESE PHYSICIAN ASSOCIATION,"640 Lor 4 Toa Payoh, Singapore 319522"
595,SINGAPORE CHUNG HWA MEDICAL INSTITUTION,"679 Woodlands Ave 6, Block 679, Singapore 730679"
596,SINGAPORE COLLEGE OF TRADITIONAL MEDICINE,"640 Lor 4 Toa Payoh, Singapore 319522"
597,SINGAPORE PAINCARE TCM WELLNESS,"6 Raffles Blvd, #03-134-136 Marina Square, Singapore 039594"
598,SINGAPORE THONG CHAI MEDICAL INSTITUTION,"50 Chin Swee Rd, Singapore 169874"
599,SINGYAN TANG CHINESE MEDICAL CLINIC,"809 French Rd, #02 39, Singapore 200809"
600,SINSEH BEY TCM,Singapore
601,SIUYUAN ENTERPRISES,"101 Upper Cross St, Singapore 058357"
602,SOMA CLINIC PTE LTD,Singapore
603,SONGLIN TCM HEALTHCARE,"1B Duxton Hill, Singapore 089587"
604,SOON WELLNESS TCM TREATMENT CENTRE,"Blk 118 Aljunied Ave 2, #01-132, Singapore 380118"
605,SOOTHING TCM MEDICAL TREATMENT,"154 Serangoon North Ave 1, Singapore 550154"
606,SOUPYHERBS TCM SERVICES,Singapore
607,SPECIALIST TRADITIONAL CHINESE MEDICINE CENTRE,"333 Kreta Ayer Rd, Singapore 080333"
608,SPRING HEAL SPA,"133 New Bridge Rd, #02-28 Chinatown Point, Singapore 059413"
609,SPRING LINK HEALTH TCM CLINC PTE LTD,Singapore
610,SPRING LINK HEALTH TCM CLINIC PTE LTD,"2 Upper Aljunied Ln, #01-09, Singapore 360002"
611,SPRING TRADITIONAL CHINESE MEDICINE,"Tampines Street 41, #01-98A Block 419, Singapore 520419"
612,SPRING TRADITIONAL CHINESE MEDICINE (TCM) CLINIC,"Tampines Street 41, #01-98A Block 419, Singapore 520419"
613,STREAM TCM CENTRE,Singapore
614,SUNDARDAS NATUROPATHIC CLINIC PTE LTD,"20 Sin Ming Ln, #06-55 Midview City, Singapore 573968"
615,SUNSHINE TCM CLINIC PTE LTD,"Singapore, Ang Mo Kio Ave 10, Blk 421Âè∑#01-1169 ÈÇÆÊîøÁºñÁ†Å: 560421"
616,SUWEN TCM PTE LTD,"610 Tampines North Dr. 1, #01-04 Tampines GreenWeave, Singapore 520610"
617,SYNERGY HEALTH & MEDICAL CENTRE,Singapore
618,TA SENG TRADITIONAL THERAPY CENTRE,Singapore
619,TABIB YUAN KUM CHOY,"4 Lor 7 Toa Payoh, Singapore 310004"
620,TAI CHANG CHINESE MEDICAL HALL,"Tampines Street 41, #01-102 Block 419, Singapore 520419"
621,TAI FOH SIONG MEDICAL HALL,"21 Jln Tiga, Singapore 390021"
622,TAI NING ACUPUNCTURE & CHINESE MEDICAL HALL,"258 Bukit Panjang Ring Rd, Singapore 670258"
623,TAIHE TCM CLINIC,"Block 177 Toa Payoh Central, #01-152, Singapore 310177"
624,TAII HE GU FANG,"1 Rochor Canal Rd, #02-88 Sim Lim Square, Singapore 188504"
625,TAIYI TANG TCM CENTRE PTE LTD,"111 Somerset Rd, #03-40 TripleOne Somerset, Singapore 238164"
626,TAMPINES CHINESE TEMPLE-NKF DIALYSIS CENTRE,"180 Pasir Ris Street 11, Block 180, Singapore 510180"
627,TAN CHING NGEE CHINESE PHYSICIAN,"Blk 21 Ghim Moh Rd, #01-153, Singapore 270021"
628,TAN CHONG SHIN CHINESE PHYSICIAN & ACUPUNCTURIST,"744 Bedok Reservoir Rd, #01-3059, Singapore 470744"
629,TAN EE BENG CHINESE MEDICINE HALL,"452 Ang Mo Kio Ave 10, #01-1791, Singapore 560452"
630,TAN KAN MING CHINESE MEDICAL CARE,"50 Kim Keat Rd, Singapore 328820"
631,TAN KOK CHUAN CHINESE PHYSICIAN AND ACUPUNCTURE CLINIC,"515 Bedok North Ave 2, #01-215, Singapore 460515"
632,TAN LIM CHINESE PHYSICIAN,"163 Bukit Merah Central, #03-3605, Singapore 150163"
633,TANG AI GEOK CHINESE PHYSICIAN & MEDICAL HALL,"Block 631 Bedok Reservoir Rd, #01-904, Singapore 470631"
634,TANG SHAN TCM HEALTHCARE PTE LTD,"112 East Coast Road, i12 Katong Mall, #03-22, Singapore 428802"
635,TANG TCM,"111 Somerset Rd, #03-40 TripleOne Somerset, Singapore 238164"
636,TANG YEOW LEONG,Singapore
637,TANGS CLINICAL CENTRE TCM PTE LTD,"05-01, 470 North Bridge Rd, Bugis Cube, Singapore 188735"
638,TAT FONG CHINESE MEDICAL HALL,Singapore
639,TCM @ NOVENA PTE LTD,"Novena, Singapore"
640,TCM CENTRE-KWONG WAI SHIU HOSPITAL,"705 Serangoon Rd, Singapore 328127"
641,TCM HANYI LLP,"Blk 116 #01-131, Commonwealth Cres, Singapore 140116"
642,TCM HEALTHCARE MEDICAL CENTRE LLP,"433 Clementi Ave 3, #01-252, Singapore 120433"
643,TCM LIVING WATERS,"275 Thomson Rd, #01-25 Novena Regency, Singapore 307645"
644,TCM SG PTE LTD,Singapore
645,TCM SPA CLINIC,"1 Changi Village Rd, Singapore 500001"
646,TCM SUNSHINE CHINESE PHYSICIAN PTE LTD,"Singapore, Ang Mo Kio Ave 10, Blk 421Âè∑#01-1169 ÈÇÆÊîøÁºñÁ†Å: 560421"
647,TCM-CHANGI GENERAL HOSPITAL,"2 Simei St 3, Singapore 529889"
648,TCM-KHOO TECK PUAT HOSPITAL,"90 Yishun Central, Singapore 768828"
649,TCM-NATIONAL UNIVERSITY HOSPITAL,Singapore
650,TCM-SINGAPORE GENERAL HOSPITAL,"Outram Rd, Singapore 169608"
651,TCM-TAN TOCK SENG HOSPITAL,"11 Jln Tan Tock Seng, Singapore 308433"
652,TEAM ACUPUNCTURE CENTRE,"38 Lor 23 Geylang, Singapore"
653,TECK CHUA MEDICAL HALL,"322 Hougang Ave 5, #01-84, Singapore 530322"
654,TECK GEE TRADITIONAL CHINESE MEDICAL ACUPUNCTURE CENTRE,"338 Ang Mo Kio Ave 1, Singapore 560338"
655,TECK JIN CHINESE MEDICINE SHOP,"Blk 150 Bishan St.11, #01-141, Singapore 570150"
656,TECK SENG CHINESE PHYSICIAN,"557 Jurong West Street 42, Block 557, Singapore 640557"
657,TECK SOON MEDICAL HALL PTE LTD,"281 South Bridge Rd, Singapore 058830"
658,TEO ACUPUNCTURE & MEDICAL HALL,"149 Rochor Rd, #04-01 Fu Lu Shou Complex, Singapore 188425"
659,TEO HONG BOO CHINESE PHYSICIAN PTE LTD,"249 Jurong East St 24, Singapore 600249"
660,THAI LYE CHINESE MEDICAL HALL,Singapore
661,THE RENHAI CLINIC,"27 Neil Rd, Singapore 088817"
662,THE SINGAPORE BUDDHIST LODGE CHINESE PHYSICIAN FREE CLINIC,"Lorong 17 Geylang, Singapore"
663,THE TCM FOLKS,Singapore
664,THE WAY TCM CLINIC,"Blk 3 Lor Lew Lian, #01-66, Singapore 531003"
665,THE WORLD MEDICAL HALL,"10 Selegie Rd, #01-44, Singapore 180010"
666,THIN WAH TONG MEDICAL & HEALTH FOOD PTE LTD,"57 Geylang Bahru, Singapore 330057"
667,THOMSON CHINESE MEDICINE,"1 Lower Kent Ridge Rd, #04-08/09 NUH Medical Centre - Zone B Lobby Car Drop Off Point, Singapore 119082"
668,THONG SENG TONG TRADITIONAL CHINESE MEDICINE SHOP,"515 Bedok North Avenue 2, Kaki Bukit Green, #01-199, Singapore 460515"
669,THONG TECK TONG MEDICAL HALL,"77 Circuit Rd, Singapore 370077"
670,THOO CHEE CHINESE PHYSICIAN & ACUPUNTURE,"106 Yishun Ring Rd, Singapore 760106"
671,THUM CHING KUAN,Singapore
672,THYE HUA KWAN TCM MEDICAL CENTRE,"17 Ang Mo Kio Ave 9, Thye Hua Kwan Hospital, Singapore 569766"
673,TIAN FU TANG TCM CLINIC,Singapore
674,TIAN REN SEN CHINESE PHYSICIAN,"731 Geylang Rd, Singapore 389642"
675,TIAN XING JIAN TCM CLINIC,"Block 45 Bendemeer Rd, #01-1447, Singapore 330045"
676,TIAN YI TANG PTE LTD,Singapore
677,TIANFUGONG TCM CLINIC PTE LTD,Singapore
678,TIANJIN CHINESE PHYSICIAN & TREATMENT CENTRE,"34 Jln. Bukit Ho Swee, Singapore 160034"
679,TIANYOU TRADITION CHINESE MEDICAL CLINIC PTE LTD,Singapore
680,TIME ENTERPRISE,"1 Rochor Rd, Singapore 180001"
681,TIME TRADITIONAL CHINESE MEDICAL ACUPUNCTURE CENTRE,"Blk 211 Serangoon Ave 4, #01-02, Singapore 550211"
682,TING FONG TCM CLINIC,"32A Chai Chee Ave, #01-204, Singapore 462032"
683,TING HOLISTIC CONCEPTS PTE LTD,Singapore
684,TOH & YIP TCM & PHYSIOTHERAPY,"Blk 4 Sago Ln, #02-125, Singapore 050004"
685,TONG AN TANG TCM CLINIC PTE LTD,"Choa Chu Kang Avenue 3 #01-30C Sunshine Place, 475 Choa Chu Kang Ave 3, #01-30C, Singapore 680475"
686,TONG DE TANG CAN RONG ZHONG XIN,"735 Pasir Ris Street 72, #01-306 West Plaza, Singapore 510735"
687,TONG FU TANG TCM PTE LTD,Singapore
688,TONG JUM CHEW PTE LTD,"21 Kaki Bukit View, Tech Park II, Singapore 415957"
689,TONG KEOW MEDICAL HALL,"HDB Toa Payoh #01-333, 70 Lorong 4 Toa Payoh (S)310070, Singapore 310070"
690,TONG XIN TANG TCM CLINIC LLP,"441 Pasir Ris Drive 6, Singapore 510441"
691,TRAUMATIC CHINESE PHYSICIAN THERAPY CENTRE,"717 Yishun Street 71, Singapore 760717"
692,TREASURE LIFE CHINESE MEDICAL FIRM LLP,"55 Changi Rd, #02-13, Singapore 419709"
693,TREASURE TREE PTE LTD,"56 Tanglin Rd, Singapore 247964"
694,TRIPLE-HARMONY TCM MEDICAL CENTRE,"474 Tampines Street 43, Singapore 520474"
695,TRIWELL TCM THERAPY,"710A Ang Mo Kio Ave 8, #8, Singapore 561710"
696,TSJ ACUMEDIC HALL,Singapore
697,TUNG FOOK MEDICAL HALL,"#01-37 Hong Lim Complex, 531 Upper Cross St, Singapore 050531"
698,VANWARD TOWN PTE LTD,"13-273 Boon Lay Ave, Singapore"
699,VERIBEL TCM CLINIC,Singapore
700,VITAL HEALTHCARE PTE LTD,"727 Ang Mo Kio Ave 6, #560727 727, Singapore 560727"
701,VITALITCM MEDICAL CLINIC,"713 Ang Mo Kio Ave 6, #01-4046, Singapore 560713"
702,VITALITY TCM WELLNESS,Singapore
703,WAH TAI MEDICAL HALL,"531 Upper Cross St, #01-34, Singapore 050531"
704,WAN SIANG CHINESE MEDICAL HALL,"445, 01-526 Fajar Rd, Singapore 670445"
705,WAN SIANG TCM PTE LTD,"21 Woodlands Cl, Singapore 737854"
706,WAN SIEW CHOON MEDICAL HALL,"338 Ang Mo Kio Ave 1, Singapore 560338"
707,WANG ACUPUNCTURE TCM PTE LTD,Singapore
708,WANG TCM PTE LTD,"133 Ang Mo Kio Ave 3, Singapore 560133"
709,WANJI HEALTH PTE LTD,Singapore
710,WANN AUN TCM CLINIC,"166 Woodlands Street 13, Singapore 730166"
711,WEI KANG CHINESE PHYSICIAN & ACUPUNCTURE CLINIC,"428 Jurong West Ave 1, #01-252, Block Block 428, Singapore 640428"
712,WELLNESS U CHINESE PHYSICIAN & THERAPY TCM,Singapore 680253
713,WELLSPRINGS HEALTH GROUP TRADITIONAL CHINESE MEDICINE CLINIC,"390 Victoria St, #02-29 Golden Landmark, Singapore 188061"
714,WENG ONN SERVICE CENTRE,"445 Fajar Rd, Singapore 670445"
715,WENXIN CHINESE PHYSICIAN PTE. LTD,"Holland Dr, #01-87 Block 42, Singapore 270042"
716,WONDER TCM CLINIC PTE LTD,"7 Tanjong Pagar Plz, Singapore 081007"
717,WONDERS OF TCM HEALTH,Singapore
718,WONG SHUK YAN CHINESE PHYSICIAN ACUPUNCTURE,"69 Lor 4 Toa Payoh, Singapore 310069"
719,WONG YIU NAM MEDICAL HALL PTE LTD,"61 Ang Mo Kio Ave 8, #15A, Singapore 569814"
720,WONG'S CHINESE MEDICAL HALL,"374 Bukit Batok Street 31, #01-178, Singapore 650374"
721,WONG'S TCM CLINIC,"810 Choa Chu Kang Ave 7, #01-06, Singapore 680810"
722,WOOSAH TCM PTE LTD,"1, Colemen Street The Adelphi, B1-36, Singapore 179803"
723,WORLD OF TCM MEDICARE PTE LTD,"711 Geylang Rd, #04-01 Oriental Venture Building, Singapore 389626"
724,XI JING TCM CLINIC,"Blk 306 Ubi Ave 1, #01-193, Singapore 400306"
725,XIAN LING TRADITIONAL CHINESE MEDICAL CLINIC,Singapore
726,XIANG CHENG MEDICAL HALL & TRADING,"162 Mei Ling St, #01-365, Singapore 140162"
727,XIN HUA TCM THERAPY,"100 Tras St, #02 - 13A 100AM Shopping Centre, Singapore 079027"
728,XIN MEI TCM CENTRE,"416 Ang Mo Kio Ave 10, Block 416 Block 416, Singapore 560416"
729,XIN QUAN ACUPUNCTURE CENTRE AND MEDICAL HALL,Singapore
730,XIN WEI TCM CLINIC,Singapore
731,XIN YUE TCM THERAPY CLINIC,"Blk 7 Tanjong Pagar Plz, #02-110, Singapore 081007"
732,XING CHUN TCM CLINIC,"Blk 114 Ang Mo Kio Ave 4, #01-361, Singapore 560114"
733,XING JIAN TCM CLINIC,"455 Sengkang W Ave, #01-07, Singapore 790455"
734,XING LIN TCM CLINIC,"59 New Upper Changi Rd, #01-1278 Bedok Sunflower, Singapore 461059"
735,XING MEI TCM,"Singapore, Woodlands Drive 44, 548 #01-22 vista point ÈÇÆÊîøÁºñÁ†Å: 730548"
736,XINYI REHABILITATION THERAPY PTE LTD,"39 Opal Cres, Singapore 328427"
737,XIU MENG CHINESE PHYSICIAN THERAPHY,"190 Middle Rd, Singapore 188979"
738,XU YANG ACUPUNCTURE & TCM CLINIC,"120 Canberra Cres, #01-09, Singapore 750120"
739,XUAN YUAN CHINESE PHYSICIAN,"16 Teck Whye Ln, Block 16, Singapore 680016"
740,XUE YI TCM CLINIC,"Roxy Square II, 50 E Coast Rd, #02-126, Singapore 428769"
741,YAN AN TANG TCM CLINIC,"442 Jurong West Ave 1, #01-750, Singapore 640442"
742,YANG SHENG GE TCM,"317 Balestier Rd, Singapore 329746"
743,YANG ZHENG TANG TCM CLINIC PTE LTD,"Novena Specialist Center #04-02, 8 Sinaran Dr, Singapore 307470"
744,YAP TCM CLINIC,"Blk 11A Boon Tiong Rd, #02-09, Singapore 161011"
745,YAP TECK SENG SAMUEL T.C.M,"631 Bedok Reservoir Rd, #01-914, Singapore 470631"
746,YAP TECK SENG SAMUEL T.C.M PHYSICIAN,"631 Bedok Reservoir Rd, #01-914, Singapore 470631"
747,YEE REN TUI NA PHYSIOTHERAPY CENTRE,Singapore
748,YEH'S HEALTH MANAGEMENT PTE LTD,"160 Robinson Road SBF Medical Suite, #04-14 MRT Exit 'F, Singapore 068914"
749,YEOU CHYUAN ACUPUNTURE AND CHINESE MEDICINE,Singapore
750,YI CHUAN ACUPUNCTURE MEDICAL CENTRE,"221 Boon Lay Pl, #02-158, Singapore 640221"
751,YI DE TANG TCM CENTRE,"Sims Pl, #01-199 Block 46, Singapore 380046"
752,YI EN TCM CLINIC PTE LTD,"BLK 51 Lor 6 Toa Payoh, #01-72, Singapore 310051"
753,YI JIN TANG TCM HEALTHCARE,"144 Upper Bukit Timah Rd, Singapore 588177"
754,YI KANG SHENG ZHONG YI TANG TCM PTE LTD,"34 Cassia Cres, Block 34, #01-78, Singapore 390034"
755,YI REN GUAN TCM MEDICAL HEALTHCARE PTE LTD,"96 Whampoa Dr, Block 96, Singapore 320096"
756,YI SHEN AN CHINESE PHYSICIAN & ACUPUNTURE CLINIC,"322 Hougang Ave 5, #01-76, Singapore 530322"
757,YI SHENG TCM PTE LTD,"360 Orchard Rd, #07-07 International Building, Singapore 238869"
758,YI SHOU TCM HEALTHCARE CLINIC,"183 Jln Pelikat, #01-02, Singapore 537643"
759,YI XING TCM CLINIC,"94 Lor 4 Toa Payoh, #01-16, Singapore 310094"
760,YI ZHONG TANG TCM CLINIC,"Blk416 Ang Mo Kio Avenue 10, #01-993, Singapore 560416"
761,YIFANG TCM CLINIC & BEAUTY SERVICES PTE. LTD,"BLK 703 Bedok Reservoir Rd, #01-3512, Singapore 470703"
762,YIKANGSHENG ZHONGYITANG,Singapore
763,YIN FOH SHOUNG MEDICAL SUPPLIERS,"45 Sims Dr, Singapore 380045"
764,YING CHUAN CHINESE MEDICAL HALL,Singapore
765,YING HE TANG,Singapore
766,YISHAN TCM CLINIC,"71 Lor 4 Toa Payoh, #01-383, Singapore 310071"
767,YISHUN DATONG MEDICAL HALL,"236 Yishun Ring Rd, Singapore 760236"
768,YJT TCM CLINIC,"338 Anchorvale Cres, Singapore 540338"
769,YONG CHANG LONG MEDICAL HALL,"139 Tampines St. 11, Singapore 521139"
770,YONG HENG LEONG CHINESE MEDICAL HALL,"411 Yishun Ring Rd, Singapore 760411"
771,YONG HER SIN MEDICAL STORE,"59 Marine Ter, #01-87 Haven, Singapore 440059"
772,YONG HONG TRADITIONAL THERAPY CENTRE,"146 Potong Pasir Ave 1, #01-109, Singapore 350146"
773,YONG KANG CHINESE ACUPUNCTURIST,"HDB Bedok #01-638, Bedok North Street 3, S)460530 Block 530, Singapore 460530"
774,YONG KANG MEDICAL HALL PTE LTD,"78A Telok Blangah Street 32, #01-05, Singapore 101078"
775,YONG KANG TCM CLINIC,"370 Alexandra Rd, B1-17 Anchorpoint, Singapore 159953"
776,YONG LI WEN TCM PHYSICIAN,Singapore
777,YONG TAI CHINESE MEDICAL CENTRE + HEALTHCARE PTE LTD,"410 Ang Mo Kio Ave 10, #01-843, Singapore 560410"
778,YOUNG TCM CENTRE,"No. 46 C (Level 4), Smith St, Singapore 058956"
779,YS HEALTHCARE TCM CLINIC LLP,"1 Coleman St, #04-24 The Adelphi, Singapore 179803"
780,YU CHENG TRADITIONAL CHINESE MEDICINE HALL,Singapore
781,YU GUO CHINESE PHYSICIAN PTE LTD,"18B Jln Masjid, #B1-01 Kembangan Plaza, Singapore 418944"
782,YU HE TANG TCM CLINIC,"111 Somerset Rd, #03-40 TripleOne Somerset, Singapore 238164"
783,YU MIN MEDICAL CENTRE,"221 Boon Lay Pl, #02-138 Shopping Centre, Singapore 640221"
784,YU REN TCM ACUPUNCTURE AND TUINA CENTRE,"126 LORONG 1 TOAPAYOH #01-557, Singapore 310126"
785,YU SHENG TANG (TCM CLINIC),"508 Bishan St.11, #02 384, Singapore 570508"
786,YU XHENG SG TRADING,"629 Ang Mo Kio Ave 4, #01-996, Singapore 560629"
787,YU YING TCM CLINIC,"60 Paya Lebar Rd, #B1-28 Paya Lebar Square, Singapore 409051"
788,YUAN AN ZHAN MEDICAL HALL,"281 Bukit Batok East Ave 3, Singapore 650281"
789,YUAN ANN ZHANG CHINESE MEDICAL HALL,"11 Rivervale Cres, #01-31A, Singapore 545082"
790,YUAN BAO TCM HALL,"71 Kallang Bahru, #01-529D, Singapore 330071"
791,YUAN KANG ACUPUNCTURE & HERBALIST CENTRE,"280 Bishan Street 24, Singapore 570280"
792,YUAN SHENG TAI TCM,"253 Jurong East St 24, #01-223 Yuhua Village, Singapore 600253"
793,YUAN SHENG TCM CLINIC,"111 Somerset Rd, #08-01 TripleOne Somerset, Singapore 238164"
794,YUAN SHENG TCM WELLNESS PTE LTD,"111 Somerset Rd, #08-01 TripleOne Somerset, Singapore 238164"
795,YUE HWA CHINESE PRODUCTS PTE LTD,"Eu Tong Sen St, #70 Yue Hwa Building, Singapore 059805"
796,YUEN AN ZHAN GINSENG MEDICAL HALL,"1 Jurong West Central 2, Singapore 648886"
797,YUEQI CHINESE MEDICAL & ACUPUNCTURE HALL,"84 Bedok North Street 4, #01-23, Singapore 460084"
798,YUKANG TCM PTE LTD,Singapore
799,YUKANGTANG CHINESE MEDICINE CLINIC,"56 New Upper Changi Rd, #01-1290 Bedok Ixora, Singapore 461056"
800,YUZHEN TCM & HEALTHCARE CENTRE,"261 Waterloo St, Singapore 180261"
801,YY HEALTHY FAMILY SERVICES,"414 Jurong West Street 42, Singapore 640414"
802,YZT ACUPUNCTURE CLINIC,"#03-1D, 1 Queensway, Singapore 149053"
803,YZY TCM THERAPY & HEALTHCARE,"339 Ang Mo Kio Ave 1, Singapore 560339"
804,ZEN TCM CLINIC,Singapore
805,ZENG ZENG TCM THERAPY CENTRE,"Roxy Square Shopping Centre 50 East Coast Rd 02-29, 34 & 34A, Singapore 428769"
806,ZENG ZONG ACUPRESSURE,"Blk 233 Ang Mo Kio Ave 3, #01-1186, Singapore 560233"
807,ZENSEI TCM CLINIC LLP,Singapore
808,ZHANG AIPING TCM CLINIC,"137 Potong Pasir Ave 3, #01-148, Singapore 350137"
809,ZHANG LEI CLINIC,"150 South Bridge Rd, #01-15 Fook Hai Building, Singapore 058727"
810,ZHAOHEQING TCM CLINIC,"416 Bedok North Ave 2, Singapore 460416"
811,ZHEN AI TCM PHYSIOTHERAPY CENTRE,"Singapore, Rochor Rd, 149Âè∑, Fu Lu Shou Complex, #02-36 ÈÇÆÊîøÁºñÁ†Å: 188425"
812,ZHENG AN TCM PTE LTD,"150, 02-08 Orchard Rd, Orchard Plaza, Singapore 238841"
813,ZHENG FONG HUNG CHINESE MEDICAL TREATMENT CENTRE,"50 E Coast Rd, #01-23 Roxy Square, Singapore 428769"
814,ZHENG SIN TANG TCM CLINIC,"125 Lor 1 Toa Payoh, Block 125, Singapore 310125"
815,ZHI JIAN MIAO SHOU TCM MASSAGE HOUSE,"M√©tis East, Changi Rd, #01-06 338, Singapore 419977"
816,ZHI QI CHINESE PHYSICIAN & ACUPUNTURE,"236 Yishun Ring Rd, #01-1020, Singapore 760236"
817,ZHIN LOO CHINA CHINESE TRADITIONAL TREATMENT CENTRE,Singapore
818,ZHONG HUA TCM MEDICAL CENTRE,"186 Toa Payoh Central, #01-420, Singapore 310186"
819,ZHONG KANG TCM CLINIC,"825 Tampines Street 81, #01-62 Shop T West, Singapore 520825"
820,ZHONG LIN CHINESE MEDICINE TREATMENT CENTRE,"633 Bukit Batok Central, Singapore 650633"
821,ZHONG YI CHINESE MEDICAL CENTRE PTE LTD,"157 #01-62 Mei Ling St, Singapore 140157"
822,ZHONG YI FANG TCM CLINIC,"620 Hougang Ave 8, #01-282, Singapore 530620"
823,ZHONGGUANTANG TCM,Singapore
824,ZHONGHENG CHINA TCM CLINIC,"Block 139 Tampines St. 11, #01 84, Singapore 521139"
825,ZHONGJING TCM,"354 Clementi Ave 2, #01-169, Singapore 120354"
826,ZHOU CHINESE PHYSICIAN & TREATMENT COMPLEX,Singapore
827,ZOU YUMIN TCM PHYSICIAN & ACUPUNCTURIST,"BLK 505 Ang Mo Kio Ave 8, #01-2670, Singapore 560505"
828,ZUO QUAN TANG TCM CLINIC,"826 Tampines Street 81, #01-116, Singapore 520826"
